county,zip code,city
Greene,65899,Springfield
Greene,65898,Springfield
Greene,65890,Springfield
Greene,65817,Springfield
Greene,65814,Springfield
Greene,65810,Springfield
Greene,65809,Springfield
Greene,65808,Springfield
Greene,65807,Springfield
Greene,65806,Springfield
Greene,65805,Springfield
Greene,65804,Springfield
Greene,65803,Springfield
Greene,65802,Springfield
Greene,65801,Springfield
Howell,65793,Willow Springs
Oregon,65791,Thayer
Howell,65790,Pottersville
Howell,65789,Pomona
Howell,65788,Peace Valley
Camden,65787,Roach
Camden,65786,Branch
Camden,65786,Macks Creek
Cedar,65785,Stockton
Ozark,65784,Zanoni
Dallas,65783,Windyville
Greene,65781,Willard
Hickory,65779,Wheatland
Hickory,65779,Galmey
Oregon,65778,Myrtle
Howell,65777,Moody
Howell,65776,South Fork
Howell,65776,West Plains
Howell,65775,West Plains
Howell,65775,Lanton
Hickory,65774,Weaubleau
Ozark,65773,Wasola
Ozark,65773,Souder
Barry,65772,Washburn
Taney,65771,Walnut Shade
Greene,65770,Walnut Grove
Lawrence,65769,Verona
Douglas,65768,Vanzant
Dallas,65767,Urbana
Ozark,65766,Udall
Greene,65765,Turners
Dallas,65764,Tunas
Ozark,65762,Thornfield
Ozark,65762,Nottinghill
Ozark,65761,Dugginsville
Ozark,65761,Ocie
Ozark,65761,Longrun
Ozark,65761,Theodosia
Ozark,65760,Tecumseh
Ozark,65760,Sycamore
Taney,65759,Taneyville
Greene,65757,Strafford
Lawrence,65756,Vineyard
Lawrence,65756,Stotts City
Douglas,65755,Squires
Christian,65754,Spokane
Christian,65753,Sparta
Christian,65753,Elkhead
Dade,65752,South Greenfield
Barry,65747,Shell Knob
Barry,65747,Viola
Webster,65746,Seymour
Webster,65746,Cedar Gap
Barry,65745,Seligman
Taney,65744,Rueter
Webster,65742,Rogersville
Webster,65742,Linden
Webster,65742,Springfield
Ozark,65741,Rockbridge
Taney,65740,Rockaway Beach
Taney,65740,Merriam Woods Village
Taney,65739,Ridgedale
Greene,65738,Republic
Stone,65737,Branson West
Stone,65737,Lakeview
Stone,65737,Reeds Spring
Hickory,65735,Quincy
Barry,65734,Purdy
Taney,65733,Protem
Hickory,65732,Preston
Taney,65731,Powersite
McDonald,65730,Powell
Ozark,65729,Pontiac
Stone,65728,Ponce de Leon
Polk,65727,Bolivar
Polk,65727,Polk
Taney,65726,Point Lookout
Greene,65725,Pleasant Hope
Hickory,65724,Pittsburg
Lawrence,65723,Berwick
Lawrence,65723,Pierce City
Laclede,65722,Phillipsburg
Christian,65721,Springfield
Christian,65721,Finley
Christian,65721,Ozark
Christian,65720,Oldfield
Wright,65717,Norwood
Ozark,65715,Noble
Christian,65714,Nixa
Webster,65713,Niangua
Lawrence,65712,Mount Vernon
Lawrence,65712,Hoberg
Wright,65711,Manes
Wright,65711,Mountain Grove
Polk,65710,Morrisville
Barry,65708,Monett
Lawrence,65707,Miller
Lawrence,65707,Grays Point
Lawrence,65707,Capps Creek
Webster,65706,Marshfield
Lawrence,65705,Marionville
Wright,65704,Mansfield
Wright,65702,Macomb
Douglas,65701,Mc Clurg
Oregon,65692,Koshkonong
Oregon,65690,Couch
Howell,65689,Cabool
Howell,65688,Brandsville
Stone,65686,Kimberling City
Dallas,65685,Louisburg
Dade,65682,Lockwood
Stone,65681,Lampe
Taney,65680,Kissee Mills
Taney,65679,Mincy
Taney,65679,Kirbyville
Taney,65679,Mildred
Ozark,65676,Isabella
Stone,65675,Hurley
Polk,65674,Humansville
Taney,65673,Hollister
Taney,65672,Hollister
Christian,65669,Highlandville
Hickory,65668,Hermitage
Wright,65667,Hartville
Ozark,65666,Hardenville
Lawrence,65664,Halltown
Polk,65663,Half Way
Wright,65662,Grovespring
Dade,65661,Greenfield
Wright,65660,Graff
Polk,65659,Goodson
Barry,65658,Golden
Christian,65657,Garrison
Stone,65656,Galena
Ozark,65655,Gainesville
Lawrence,65654,Freistatt
Taney,65653,Forsyth
Webster,65652,Fordland
Polk,65650,Flemington
Polk,65649,Fair Play
Greene,65648,Fair Grove
Barry,65647,Exeter
Dade,65646,Everton
Polk,65645,Eudora
Polk,65645,Morrisville
Dallas,65644,Elkland
Barry,65641,Eagle Rock
Polk,65640,Dunnegan
Douglas,65638,Drury
Ozark,65637,Dora
Webster,65636,Diggins
Dade,65635,Dadeville
Hickory,65634,Cross Timbers
Stone,65633,Crane
Laclede,65632,Conway
Christian,65631,Clever
Christian,65630,Chestnutridge
Christian,65629,Chadwick
Taney,65627,Cedarcreek
Howell,65626,Caulfield
Barry,65625,Cassville
Stone,65624,Galena
Stone,65624,Cape Fair
Barry,65623,Cassville
Barry,65623,Butterfield
Dallas,65622,Buffalo
Christian,65620,Bruner
Greene,65619,Brookline Station
Greene,65619,Battlefield
Ozark,65618,Brixey
Polk,65617,Brighton
Taney,65616,Gretna
Taney,65616,Bull Creek Village
Taney,65616,Silver Dollar City
Taney,65616,Marvel Cave Park
Taney,65616,Branson
Taney,65615,Branson
Taney,65614,Bradleyville
Polk,65613,Bolivar
Polk,65613,Slagle
Greene,65612,Bois D Arc
Stone,65611,Blue Eye
Christian,65610,Billings
Christian,65610,Browns Spring
Christian,65610,Union City
Ozark,65609,Bakersfield
Douglas,65608,Ava
Cedar,65607,Caplinger Mills
Oregon,65606,Riverton
Oregon,65606,Alton
Lawrence,65605,Aurora
Lawrence,65605,Jenkins
Greene,65604,Ash Grove
Dade,65603,Arcola
Polk,65601,Aldrich
Camden,65591,Montreal
Dallas,65590,Cedar Ridge
Dallas,65590,Long Lane
Texas,65589,Yukon
Shannon,65588,Winona
Crawford,65586,Wesco
Pulaski,65584,Saint Robert
Pulaski,65583,Buckhorn
Pulaski,65583,Waynesville
Maries,65582,Vienna
Maries,65580,Vichy
Pulaski,65572,Swedeborg
Texas,65571,Summersville
Texas,65570,Success
Laclede,65567,Stoutland
Iron,65566,Steelville
Iron,65566,Viburnum
Crawford,65565,Steelville
Crawford,65565,Courtois
Crawford,65565,Berryman
Texas,65564,Solo
Dent,65560,Doss
Dent,65560,Gladden
Dent,65560,Timber
Dent,65560,Maples
Dent,65560,Shannondale
Dent,65560,Salem
Dent,65560,Sligo
Phelps,65559,High Gate
Phelps,65559,Rosati
Phelps,65559,Saint James
Phelps,65559,Safe
Texas,65557,Roby
Pulaski,65556,Richland
Texas,65555,Raymondville
Texas,65552,Plato
Texas,65552,Evening Shade
Texas,65552,Palace
Phelps,65550,Newburg
Phelps,65550,Big Piney
Howell,65548,Mountain View
Shannon,65546,Montier
Laclede,65543,Lynchburg
Texas,65542,Licking
Dent,65541,Lenox
Dent,65540,Lecoma
Dent,65540,Anutt
Laclede,65536,Lebanon
Crawford,65535,Leasburg
Pulaski,65534,Laquey
Dent,65532,Lake Spring
Phelps,65529,Jerome
Dent,65501,Jadwin
Miller,65486,Iberia
Texas,65484,Huggins
Texas,65483,Houston
Texas,65483,Clara
Texas,65483,Simmons
Texas,65483,Tyrone
Texas,65479,Hartshorn
Pulaski,65473,Fort Leonard Wood
Wright,65470,Falcon
Wright,65470,Nebo
Texas,65468,Eunice
Shannon,65466,Eminence
Shannon,65466,Ink
Shannon,65466,West Eminence
Shannon,65466,Owls Bend
Shannon,65466,Round Spring
Shannon,65466,Alley Springs
Texas,65464,Elk Creek
Texas,65464,Tyrone
Texas,65464,Grogan
Laclede,65463,Eldridge
Phelps,65462,Edgar Springs
Phelps,65461,Duke
Pulaski,65459,Hayden
Pulaski,65459,Dixon
Pulaski,65457,Devils Elbow
Crawford,65456,Davisville
Crawford,65453,Cuba
Pulaski,65452,Crocker
Crawford,65449,Cook Station
Crawford,65446,Cherryville
Texas,65444,Bucyrus
Texas,65444,Ellis Prairie
Maries,65443,Brinktown
Crawford,65441,Bourbon
Dent,65440,Boss
Iron,65439,Bixby
Shannon,65438,Teresita
Shannon,65438,Thomasville
Shannon,65438,Birch Tree
Phelps,65436,Beulah
Texas,65433,Bendavis
Phelps,65409,Rolla
Phelps,65402,Rolla
Phelps,65401,Rolla
Henry,65360,Windsor
Benton,65355,Fristoe
Benton,65355,Warsaw
Benton,65355,Old Fredonia
Benton,65355,Whitakerville
Benton,65355,Racket
Benton,65355,Wisdom
Morgan,65354,Syracuse
Saline,65351,Cretcher
Saline,65351,Salt Pond
Saline,65351,Dunksburg
Saline,65351,Sweet Springs
Pettis,65350,Smithton
Pettis,65350,Beaman
Pettis,65350,Bahner
Saline,65349,Sharon
Saline,65349,Slater
Saline,65349,Saline City
Cooper,65348,Otterville
Saline,65347,Nelson
Pettis,65345,Mora
Saline,65344,Miami
Saline,65340,Marshall
Saline,65340,Napton
Saline,65340,Marshall Junction
Saline,65339,Grand Pass
Saline,65339,Malta Bend
Benton,65338,Lakeview Heights
Benton,65338,Palopinto
Benton,65338,Lincoln
Pettis,65337,La Monte
Johnson,65336,Valley City
Johnson,65336,Montserrat
Johnson,65336,Knob Noster
Benton,65335,Ionia
Pettis,65334,Longwood
Pettis,65334,Hughesville
Pettis,65333,Houstonia
Pettis,65332,Green Ridge
Saline,65330,Gilliam
Morgan,65329,Florence
Lafayette,65327,Emma
Benton,65326,Edwards
Benton,65326,Hastain
Benton,65326,Sagrada
Benton,65325,Mount Hulda
Benton,65325,Cole Camp
Camden,65324,Climax Springs
Henry,65323,Lewis Station
Henry,65323,Calhoun
Cooper,65322,Blackwater
Saline,65321,Blackburn
Saline,65321,Elmwood
Saline,65320,Arrow Rock
Johnson,65305,Knob Noster
Johnson,65305,Whiteman Air Force Base
Pettis,65302,Sedalia
Pettis,65301,Longwood
Pettis,65301,Sedalia
Pettis,65301,Dresden
Pettis,65301,Springfork
Pettis,65301,Georgetown
Boone,65299,Columbia
Cooper,65287,Wooldridge
Chariton,65286,Triplett
Chariton,65286,Snyder
Audrain,65285,Thompson
Boone,65284,Riggs
Boone,65284,Sturgeon
Monroe,65283,Florida
Monroe,65283,Stoutsville
Monroe,65282,Santa Fe
Chariton,65281,Bynumville
Chariton,65281,Prairie Hill
Chariton,65281,Forest Green
Chariton,65281,Salisbury
Audrain,65280,Rush Hill
Boone,65279,Rocheport
Boone,65279,Woodlinville
Randolph,65278,Renick
Cooper,65276,Pilot Grove
Monroe,65275,Granville
Monroe,65275,Paris
Monroe,65275,Goss
Monroe,65275,Strother
Howard,65274,New Franklin
Howard,65274,Estill
Randolph,65270,Moberly
Randolph,65270,Urbandale
Audrain,65265,Vandiver Village
Audrain,65265,Mexico
Audrain,65265,Riversville
Audrain,65264,Martinsburg
Monroe,65263,Middle Grove
Monroe,65263,Woodlawn
Monroe,65263,Ash
Monroe,65263,Madison
Callaway,65262,Kingdom City
Chariton,65261,Keytesville
Chariton,65261,Musselfork
Randolph,65260,Jacksonville
Randolph,65259,Darksville
Randolph,65259,Huntsville
Monroe,65258,Holliday
Randolph,65257,Higbee
Randolph,65257,Yates
Boone,65256,Harrisburg
Boone,65256,Woodlandville
Boone,65255,Hallsville
Howard,65254,Glasgow
Callaway,65251,Fulton
Callaway,65251,Carrington
Callaway,65251,Hams Prairie
Callaway,65251,Millersburg
Callaway,65251,Calwood
Howard,65250,Franklin
Howard,65250,Boonesboro
Howard,65250,Petersburg
Howard,65248,Fayette
Macon,65247,Excello
Macon,65247,Ardmore
Macon,65247,Woodville
Macon,65247,College Mound
Chariton,65246,Dalton
Randolph,65244,Thomas Hill
Randolph,65244,Clifton Hill
Randolph,65243,Rucker
Randolph,65243,Clark
Boone,65240,Rowena
Boone,65240,Centralia
Randolph,65239,Cairo
Cooper,65237,Lone Elm
Cooper,65237,Cotton
Cooper,65237,Bunceton
Cooper,65237,Pisgah
Chariton,65236,Brunswick
Chariton,65236,Indian Grove
Cooper,65233,Billingsville
Cooper,65233,Lamine
Cooper,65233,Boonville
Cooper,65233,Overton
Cooper,65233,Speed
Cooper,65233,Clarks Fork
Cooper,65233,Gooch Mill
Audrain,65232,Benton City
Callaway,65231,Bachelor
Callaway,65231,Hatton
Callaway,65231,Auxvasse
Howard,65230,Roanoke
Howard,65230,Armstrong
Boone,65218,Columbia
Boone,65217,Columbia
Boone,65216,Columbia
Boone,65215,Columbia
Boone,65212,Columbia
Boone,65211,Columbia
Boone,65205,Columbia
Boone,65203,McBaine
Boone,65203,Huntsdale
Boone,65203,Sapp
Boone,65203,Columbia
Boone,65203,Easley
Boone,65202,Shaw
Boone,65202,Browns Station
Boone,65202,Stephens
Boone,65202,Columbia
Boone,65202,Prathersville
Boone,65202,Murry
Boone,65202,Midway
Boone,65202,Hinton
Boone,65202,Lindbergh
Boone,65201,Elkhurst
Boone,65201,Columbia
Boone,65201,Pierpont
Boone,65201,Harg
Boone,65201,Deer Park
Cole,65111,Jefferson City
Cole,65110,Jefferson City
Cole,65109,Jefferson City
Cole,65109,Elston
Cole,65109,Saint Martins
Cole,65109,Brazito
Cole,65108,Jefferson City
Cole,65107,Jefferson City
Cole,65106,Jefferson City
Cole,65105,Jefferson City
Cole,65104,Jefferson City
Cole,65103,Jefferson City
Cole,65102,Jefferson City
Cole,65101,Jefferson City
Cole,65101,Osage Bend
Cole,65101,Osage Bluff
Cole,65101,Osage City
Cole,65101,Honey Creek
Cole,65101,Wardsville
Cole,65101,Schubert
Cole,65101,Taos
Osage,65085,Babbtown
Osage,65085,Westphalia
Osage,65085,Folk
Morgan,65084,Glensted
Morgan,65084,Marvin
Morgan,65084,Versailles
Miller,65083,Ulman
Miller,65082,Equality
Miller,65082,Tuscumbia
Moniteau,65081,Tipton
Callaway,65080,Tebbetts
Camden,65079,Sunrise Beach
Morgan,65078,Stover
Callaway,65077,Steedman
Callaway,65077,Reform
Cole,65076,Saint Thomas
Miller,65075,Saint Elizabeth
Cole,65074,Enon
Cole,65074,Russellville
Morgan,65072,Rocky Mount
Morgan,65072,Eldon
Montgomery,65069,Americus
Montgomery,65069,Rhineland
Montgomery,65069,Bluffton
Montgomery,65069,Starkenburg
Cooper,65068,Prairie Home
Cooper,65068,Gouch Mill
Callaway,65067,Readsville
Callaway,65067,Portland
Gasconade,65066,Bem
Gasconade,65066,Brush Creek
Gasconade,65066,Drake
Gasconade,65066,Old Woollam
Gasconade,65066,Owensville
Camden,65065,Osage Beach
Camden,65065,Laguna Beach
Miller,65064,Olean
Callaway,65063,Dixie
Callaway,65063,Guthrie
Callaway,65063,New Bloomfield
Gasconade,65062,Bland
Gasconade,65062,Mount Sterling
Gasconade,65061,Fredericksburg
Gasconade,65061,Morrison
Gasconade,65061,Gasconade
Gasconade,65061,Pershing
Gasconade,65061,Hope
Callaway,65059,Mokane
Osage,65058,Babbtown
Osage,65058,Vancleve
Osage,65058,Meta
Moniteau,65055,Mc Girk
Osage,65054,Loose Creek
Cole,65053,Lohman
Camden,65052,Hugo
Camden,65052,Linn Creek
Osage,65051,Linn
Moniteau,65050,Latham
Camden,65049,Four Seasons
Camden,65049,Village of Four Seasons
Camden,65049,Lake Ozark
Osage,65048,Koeltztown
Miller,65047,Kaiser
Moniteau,65046,Cedron
Moniteau,65046,Sandy Hook
Moniteau,65046,Lupus
Moniteau,65046,Jamestown
Callaway,65043,Holts Summit
Callaway,65043,Wainwright
Moniteau,65042,High Point
Moniteau,65042,California
Gasconade,65041,Hermann
Gasconade,65041,McKittrick
Gasconade,65041,Swiss
Gasconade,65041,Case
Cole,65040,Henley
Cole,65040,Hickory Hill
Boone,65039,Wilton
Boone,65039,Hartsburg
Morgan,65038,Gravois Mills
Morgan,65038,Laurie
Morgan,65037,Gravois Mills
Morgan,65037,Laurie
Gasconade,65036,Gasconade
Gasconade,65036,Morrison
Osage,65035,Freeburg
Osage,65035,Rich Fountain
Moniteau,65034,Fortuna
Cole,65032,Eugene
Cole,65032,Marys Home
Cole,65032,Spring Garden
Miller,65031,Etterville
Miller,65026,Lakeland
Miller,65026,Bagnell
Miller,65026,Aurora Springs
Miller,65026,Eldon
Moniteau,65025,Clarksburg
Osage,65024,Freedom
Osage,65024,Chamois
Osage,65024,Mint Hill
Cole,65023,Marion
Cole,65023,Centertown
Callaway,65022,Cedar City
Camden,65020,Greenview
Camden,65020,Hahatonka
Camden,65020,Camdenton
Moniteau,65018,California
Moniteau,65018,Kliever
Miller,65017,Brumley
Osage,65016,Bonnots Mill
Osage,65016,Luystown
Osage,65016,Frankenstein
Gasconade,65014,Old Woolam
Gasconade,65014,Cleavesville
Gasconade,65014,Red Bird
Gasconade,65014,Bland
Gasconade,65014,Canaan
Gasconade,65014,Cooper Hill
Maries,65013,Byron
Maries,65013,Belle
Maries,65013,Summerfield
Maries,65013,Paydown
Maries,65013,Koenig
Maries,65013,Lanes Prairie
Morgan,65011,Barnett
Boone,65010,Ashland
Osage,65001,Argyle
Jackson,64999,Kansas City
Jackson,64944,Kansas City
Barry,64874,Wheaton
Lawrence,64873,Wentworth
Jasper,64870,Webb City
Jasper,64869,Waco
McDonald,64868,Tiff City
Newton,64867,Stella
Newton,64866,Stark City
Newton,64865,Seneca
Newton,64865,Hart
Newton,64865,Hornet
Newton,64864,Saginaw
McDonald,64863,South West City
Jasper,64862,Sarcoxie
McDonald,64861,Rocky Comfort
Jasper,64859,Reeds
Newton,64858,Racine
Jasper,64857,Purcell
McDonald,64856,Pineville
McDonald,64856,Jane
Jasper,64855,Oronogo
McDonald,64854,Noel
Newton,64853,Newtonia
Newton,64853,Neosho
Newton,64850,Neosho
Jasper,64849,Neck City
Lawrence,64848,La Russell
McDonald,64847,Lanagan
Newton,64844,Boulder City
Newton,64844,Granby
Newton,64844,Aroma
McDonald,64843,Goodman
Newton,64842,Fairview
Jasper,64841,Duenweg
Newton,64840,Diamond
Jasper,64836,Kendricktown
Jasper,64836,Scotland
Jasper,64836,Brooklyn Heights
Jasper,64836,Morgan Heights
Jasper,64836,Fidelity
Jasper,64836,Carthage
Jasper,64836,Carytown
Jasper,64835,Carterville
Jasper,64834,Carl Junction
Jasper,64834,Stringtown
Jasper,64834,Smithfield
Jasper,64833,Avilla
Barton,64832,Asbury
McDonald,64831,Anderson
Jasper,64830,Alba
Jasper,64804,Joplin
Jasper,64803,Joplin
Jasper,64802,Joplin
Jasper,64801,Lakeside
Jasper,64801,Belle Center
Jasper,64801,Grand Falls
Jasper,64801,Duquesne
Jasper,64801,Joplin
Jasper,64801,Central City
Jasper,64801,Prosperity
Jasper,64801,Redings Mill
Jasper,64801,Stones Corner
Jasper,64801,Iron Gates
Vernon,64790,Walker
Saint Clair,64789,Vista
Henry,64788,Urich
Henry,64788,Hartwell
Vernon,64784,Sheldon
Vernon,64783,Schell City
Saint Clair,64781,Roscoe
Bates,64780,Prairie City
Bates,64780,Taberville
Bates,64780,Rockville
Bates,64779,Rich Hill
Vernon,64778,Richards
Bates,64777,Passaic
Saint Clair,64776,Damascus
Saint Clair,64776,Osceola
Vernon,64772,Camp Clark
Vernon,64772,Nevada
Vernon,64771,Moundville
Henry,64770,Montrose
Barton,64769,Mindenmines
Vernon,64767,Milo
Barton,64766,Milford
Vernon,64765,Metz
Saint Clair,64763,Lowry City
Barton,64762,Liberal
Johnson,64761,Leeton
Barton,64759,Lamar
Barton,64759,Iantha
Barton,64759,Irwin
Cedar,64756,Jerico Springs
Jasper,64755,Jasper
Bates,64752,Hume
Bates,64752,Stotesbury
Vernon,64751,Horton
Vernon,64750,Harwood
Barton,64748,Golden City
Cass,64747,Garden City
Cass,64747,Gunn City
Cass,64747,Latour
Cass,64746,Lake Annette
Cass,64746,Freeman
Bates,64745,Foster
Cedar,64744,El Dorado Springs
Cass,64743,East Lynne
Bates,64742,Drexel
Vernon,64741,Deerfield
Henry,64740,Deepwater
Henry,64739,Creighton
Saint Clair,64738,Collins
Henry,64735,Clinton
Henry,64735,Tightwad
Cass,64734,West Line
Cass,64734,Cleveland
Johnson,64733,Chilhowee
Bates,64730,Butler
Vernon,64728,Bronaugh
Henry,64726,Blairstown
Cass,64725,Austin
Cass,64725,Archie
Saint Clair,64724,Appleton City
Bates,64723,Amsterdam
Bates,64722,Amoret
Bates,64720,Adrian
Cass,64701,Harrisonville
Daviess,64689,Winston
Livingston,64688,Wheeling
Carroll,64687,Wakenda
Livingston,64686,Utica
Grundy,64683,Trenton
Carroll,64682,Tina
Chariton,64681,Sumner
Carroll,64680,Stet
Grundy,64679,Spickard
Chariton,64676,Rothville
Linn,64674,Purdin
Mercer,64673,Princeton
Putnam,64672,Powersville
Caldwell,64671,Polo
Caldwell,64671,Mirabile
Daviess,64670,Pattonsburg
Carroll,64668,Norborne
Sullivan,64667,Newtown
Livingston,64664,Mooresville
Mercer,64661,Mercer
Chariton,64660,Mendon
Linn,64659,Meadville
Linn,64658,Marceline
Gentry,64657,McFall
Gentry,64657,Mc Fall
Livingston,64656,Ludlow
Putnam,64655,Lucerne
Daviess,64654,Lock Springs
Linn,64653,Linneus
Grundy,64652,Laredo
Linn,64651,Laclede
Caldwell,64650,Kingston
Caldwell,64649,Kidder
Daviess,64648,Jamesport
Daviess,64647,Jameson
Sullivan,64646,Humphreys
Sullivan,64645,Harris
Caldwell,64644,Hamilton
Carroll,64643,Hale
Harrison,64642,Brimson
Harrison,64642,Gilman City
Grundy,64641,Galt
Daviess,64640,Lake Viking
Daviess,64640,Gallatin
Carroll,64639,De Witt
Livingston,64638,Dawn
Caldwell,64637,Cowgill
Daviess,64636,Coffey
Livingston,64635,Chula
Carroll,64633,Carrollton
Harrison,64632,Cainsville
Linn,64631,Bucklin
Linn,64630,Browning
Linn,64628,Brookfield
Linn,64628,Saint Catharine
Caldwell,64625,Breckenridge
Caldwell,64624,Braymer
Carroll,64623,Bosworth
Carroll,64622,Bogard
Daviess,64620,Altamont
Livingston,64601,Avalon
Livingston,64601,Chillicothe
Buchanan,64508,Saint Joseph
Buchanan,64507,Saint Joseph
Buchanan,64506,Saint Joseph
Buchanan,64505,Saint Joseph
Buchanan,64504,Saint Joseph
Buchanan,64503,Saint Joseph
Buchanan,64502,Saint Joseph
Buchanan,64501,Saint Joseph
Worth,64499,Worth
Atchison,64498,Westboro
Dekalb,64497,Weatherby
Atchison,64496,Watson
Dekalb,64494,Union Star
Clinton,64493,Turney
Clinton,64492,Trimble
Atchison,64491,Tarkio
Dekalb,64490,Stewartsville
Dekalb,64490,Hemple
Gentry,64489,Stanberry
Nodaway,64487,Skidmore
Worth,64486,Sheridan
Andrew,64485,Savannah
Buchanan,64484,Winthrop
Buchanan,64484,Rushville
Andrew,64483,Rosendale
Atchison,64482,Rock Port
Harrison,64481,Ridgeway
Harrison,64481,Mount Moriah
Andrew,64480,Rea
Nodaway,64479,Ravenwood
Nodaway,64478,Quitman
Clinton,64477,Plattsburg
Nodaway,64476,Pickering
Nodaway,64475,Parnell
Dekalb,64474,Osborn
Holt,64473,Oregon
Harrison,64471,New Hampton
Holt,64470,Mound City
Dekalb,64469,Maysville
Nodaway,64468,Maryville
Harrison,64467,Martinsville
Holt,64466,Maitland
Clinton,64465,Lathrop
Gentry,64463,King City
Nodaway,64461,Hopkins
Andrew,64459,Helena
Harrison,64458,Hatfield
Nodaway,64457,Guilford
Worth,64456,Grant City
Nodaway,64455,Graham
Clinton,64454,Gower
Gentry,64453,Gentry
Holt,64451,Forest City
Andrew,64449,Fillmore
Buchanan,64448,Faucett
Buchanan,64448,Taos
Dekalb,64447,Fairport
Atchison,64446,Langdon
Atchison,64446,Fairfax
Nodaway,64445,Elmo
Platte,64444,Edgerton
Buchanan,64443,Easton
Harrison,64442,Eagleville
Worth,64441,Denver
Buchanan,64440,De Kalb
Platte,64439,Dearborn
Gentry,64438,Darlington
Holt,64437,Craig
Holt,64437,Fortescue
Holt,64437,Bigelow
Holt,64437,Corning
Andrew,64436,Cosby
Nodaway,64434,Conception Junction
Nodaway,64433,Conception
Nodaway,64432,Clyde
Nodaway,64431,Clearmont
Dekalb,64430,Clarksdale
Clinton,64429,Cameron
Nodaway,64428,Burlington Junction
Andrew,64427,Bolckow
Harrison,64426,Blythedale
Harrison,64424,Bethany
Nodaway,64423,Barnard
Dekalb,64422,Amity
Andrew,64421,Amazonia
Worth,64420,Allendale
Gentry,64402,Albany
Gentry,64402,Gentryville
Buchanan,64401,Agency
Jackson,64199,Kansas City
Jackson,64198,Kansas City
Jackson,64197,Kansas City
Jackson,64196,Kansas City
Platte,64195,Kansas City
Jackson,64194,Kansas City
Jackson,64193,Kansas City
Jackson,64192,Kansas City
Jackson,64191,Kansas City
Platte,64190,Kansas City
Jackson,64189,Kansas City
Clay,64188,Kansas City
Jackson,64187,Kansas City
Jackson,64185,Kansas City
Jackson,64184,Kansas City
Jackson,64183,Kansas City
Jackson,64180,Kansas City
Jackson,64179,Kansas City
Jackson,64173,Kansas City
Jackson,64172,Kansas City
Jackson,64171,Kansas City
Jackson,64170,Kansas City
Platte,64168,Kansas City
Platte,64168,Riverside
Clay,64167,Kansas City
Clay,64166,Gladstone
Clay,64166,Kansas City
Clay,64165,Gladstone
Clay,64165,Kansas City
Platte,64164,Kansas City
Platte,64163,Ferrelview
Platte,64163,Kansas City
Clay,64161,Birmingham
Clay,64161,Kansas City
Clay,64161,Randolph
Clay,64160,Kansas City
Clay,64158,Kansas City
Clay,64157,Kansas City
Clay,64156,Gladstone
Clay,64156,Kansas City
Clay,64155,Gladstone
Clay,64155,Kansas City
Platte,64154,Kansas City
Platte,64153,Weatherby Lake
Platte,64153,Kansas City
Platte,64152,Parkville
Platte,64152,Kansas City
Platte,64152,Weatherby Lake
Platte,64151,Parkville
Platte,64151,Kansas City
Platte,64151,Lake Waukomis
Platte,64151,Houston Lake
Platte,64151,Riverside
Platte,64151,Platte Woods
Platte,64150,Kansas City
Platte,64150,Riverside
Jackson,64149,Kansas City
Jackson,64148,Kansas City
Jackson,64147,Martin City
Jackson,64147,Kansas City
Jackson,64146,Kansas City
Jackson,64145,Kansas City
Clay,64144,Kansas City
Jackson,64142,Kansas City
Jackson,64141,Kansas City
Jackson,64139,Kansas City
Jackson,64138,Kansas City
Jackson,64138,Raytown
Jackson,64137,Kansas City
Jackson,64136,Kansas City
Jackson,64134,Kansas City
Jackson,64133,Kansas City
Jackson,64133,Raytown
Jackson,64132,Kansas City
Jackson,64131,Kansas City
Jackson,64130,Kansas City
Jackson,64129,Raytown
Jackson,64129,Kansas City
Jackson,64128,Kansas City
Jackson,64127,Kansas City
Jackson,64126,Kansas City
Jackson,64125,Kansas City
Jackson,64124,Kansas City
Jackson,64123,Kansas City
Jackson,64121,Kansas City
Jackson,64120,Kansas City
Clay,64119,Gladstone
Clay,64119,Kansas City
Clay,64119,Claycomo
Clay,64118,Kansas City
Clay,64118,Oakview
Clay,64118,Village of Oakview
Clay,64118,Gladstone
Clay,64117,Kansas City
Clay,64117,Randolph
Clay,64117,Avondale
Clay,64117,Kansas City North
Clay,64116,Gladstone
Clay,64116,Kansas City
Clay,64116,North Kansas City
Jackson,64114,Kansas City
Jackson,64113,Kansas City
Jackson,64112,Kansas City
Jackson,64111,Kansas City
Jackson,64110,Kansas City
Jackson,64109,Kansas City
Jackson,64108,Kansas City
Jackson,64106,Kansas City
Jackson,64105,Kansas City
Jackson,64102,Kansas City
Jackson,64101,Kansas City
Platte,64098,Weston
Lafayette,64097,Wellington
Lafayette,64096,Waverly
Johnson,64093,Warrensburg
Platte,64092,Waldron
Cass,64090,Strasburg
Clay,64089,Smithville
Clay,64089,Paradise
Jackson,64088,Sibley
Jackson,64088,Fort Osage
Jackson,64086,Lake Lotawana
Jackson,64086,Lees Summit
Ray,64085,Richmond
Ray,64084,Rayville
Cass,64083,Raymore
Jackson,64082,Lees Summit
Jackson,64081,Lees Summit
Cass,64080,Pleasant Hill
Platte,64079,Platte City
Platte,64079,Tracy
Cass,64078,Peculiar
Ray,64077,Orrick
Lafayette,64076,Odessa
Lafayette,64076,Lake Lafayette
Jackson,64075,Oak Grove
Lafayette,64074,Napoleon
Clay,64073,Mosby
Clay,64072,Missouri City
Lafayette,64071,Mayview
Jackson,64070,Lone Jack
Clay,64069,Liberty
Clay,64068,Pleasant Valley
Clay,64068,Liberty
Lafayette,64067,Lexington
Jackson,64066,Levasy
Jackson,64065,Lees Summit
Jackson,64065,Unity Village
Jackson,64064,Lees Summit
Jackson,64064,Unity Village
Jackson,64063,Lake Lotawana
Jackson,64063,Unity Village
Jackson,64063,Lees Summit
Ray,64062,Lawson
Ray,64062,Elmira
Johnson,64061,Kingsville
Clay,64060,Kearney
Jackson,64058,Independence
Jackson,64057,Independence
Jackson,64056,Independence
Jackson,64055,Independence
Jackson,64054,Sugar Creek
Jackson,64054,Independence
Jackson,64053,Independence
Jackson,64052,Independence
Jackson,64051,Independence
Jackson,64050,Independence
Clay,64048,Holt
Johnson,64040,Holden
Lafayette,64037,Aullville
Lafayette,64037,Higginsville
Ray,64036,Henrietta
Ray,64035,Hardin
Jackson,64034,Greenwood
Jackson,64034,Lake Winnebago
Jackson,64030,Grandview
Jackson,64029,Grain Valley
Platte,64028,Farley
Clay,64024,Excelsior Estates
Clay,64024,Crystal Lakes
Clay,64024,Homestead Village
Clay,64024,Wood Heights
Clay,64024,Excelsior Springs
Lafayette,64022,Dover
Lafayette,64021,Corder
Lafayette,64020,Concordia
Lafayette,64020,Ernestville
Johnson,64019,Centerview
Platte,64018,Camden Point
Ray,64017,Camden
Jackson,64016,Buckner
Jackson,64015,Blue Springs
Jackson,64015,Lake Tapawingo
Jackson,64014,Blue Springs
Jackson,64013,Blue Springs
Cass,64012,Belton
Lafayette,64011,Bates City
Lafayette,64001,Alma
Wayne,63967,Williamsville
Wayne,63966,Wappapello
Carter,63965,Van Buren
Carter,63965,South Van Buren
Carter,63965,Chicopee
Carter,63965,House Creek
Carter,63965,Garwood
Carter,63965,Eastwood
Wayne,63964,Silva
Wayne,63964,Coldwater
Wayne,63963,Shook
Butler,63962,Rombauer
Butler,63961,Qulin
Stoddard,63960,Kinder
Stoddard,63960,Asherville
Stoddard,63960,Acornridge
Stoddard,63960,Puxico
Wayne,63957,Piedmont
Wayne,63956,Patterson
Ripley,63955,Oxly
Butler,63954,Neelyville
Ripley,63953,Naylor
Wayne,63952,Mill Spring
Wayne,63951,Lowndes
Wayne,63950,Lodi
Wayne,63947,Hiram
Butler,63945,Harviell
Wayne,63944,Greenville
Carter,63943,Grandin
Ripley,63942,Gatewood
Carter,63941,Fremont
Butler,63940,Fisk
Ripley,63939,Fairdealing
Butler,63938,Qulin
Butler,63938,Fagus
Carter,63937,Ellsinore
Stoddard,63936,Dudley
Ripley,63935,Poynor
Ripley,63935,Doniphan
Wayne,63934,Silva
Wayne,63934,Clubb
Dunklin,63933,Campbell
Butler,63932,Broseley
Ripley,63931,Briar
Ripley,63931,Bennett
Butler,63902,Poplar Bluff
Butler,63901,Poplar Bluff
Mississippi,63882,Wyatt
Mississippi,63881,Wolf Island
Dunklin,63880,Whiteoak
Pemiscot,63879,Homestown
Pemiscot,63879,Wardell
New Madrid,63878,Tallapoosa
Pemiscot,63877,Steele
Dunklin,63876,Senath
Dunklin,63875,Rives
New Madrid,63874,Risco
New Madrid,63873,Hayward
New Madrid,63873,Boekerton
New Madrid,63873,Point Pleasant
New Madrid,63873,Portageville
Pemiscot,63871,Pascola
New Madrid,63870,Parma
New Madrid,63869,New Madrid
New Madrid,63869,Howardville
New Madrid,63868,Morehouse
New Madrid,63867,Matthews
New Madrid,63866,Marston
Dunklin,63863,Malden
New Madrid,63862,Lilbourn
New Madrid,63862,North Lilbourn
New Madrid,63860,Kewanee
Dunklin,63857,Caruth
Dunklin,63857,Kennett
Dunklin,63855,Hornersville
Pemiscot,63853,Holland
Dunklin,63852,Holcomb
Pemiscot,63851,Hayti Heights
Pemiscot,63851,Hayti
Stoddard,63850,Grayridge
Pemiscot,63849,Gobler
New Madrid,63848,Gideon
New Madrid,63848,Peach Orchard
Dunklin,63847,Gibson
Stoddard,63846,Essex
Mississippi,63845,East Prairie
Stoddard,63841,Dexter
Pemiscot,63840,Deering
Pemiscot,63839,Cooter
New Madrid,63838,Conran
Dunklin,63837,Freeborn
Dunklin,63837,Clarkton
Mississippi,63834,Diehlstadt
Mississippi,63834,Charleston
New Madrid,63833,Catron
Pemiscot,63830,Cottonwood Point
Pemiscot,63830,Caruthersville
Dunklin,63829,Cardwell
New Madrid,63828,Canalou
Pemiscot,63827,Bragg City
Pemiscot,63826,Braggadocio
Stoddard,63825,Bloomfield
Scott,63824,Blodgett
Mississippi,63823,Bertrand
Stoddard,63822,Bernie
Dunklin,63821,Arbyrd
Mississippi,63820,Anniston
Scott,63801,Miner
Scott,63801,Sikeston
Bollinger,63787,Arab
Bollinger,63787,Zalma
Cape Girardeau,63785,Whitewater
Scott,63784,Vanduser
Perry,63783,Perryville
Perry,63783,Uniontown
Bollinger,63782,Sturdivant
Bollinger,63781,Sedgewickville
Scott,63780,Scott City
Cape Girardeau,63779,Pocahontas
Perry,63776,Mc Bride
Perry,63776,Perryville
Perry,63775,Longtown
Perry,63775,Crosstown
Perry,63775,Yount
Perry,63775,Biehle
Perry,63775,Perryville
Perry,63775,Sereno
Perry,63775,Silver Lake
Perry,63775,Lithium
Perry,63775,Highland
Perry,63775,Brewer
Perry,63775,Parker Lake
Scott,63774,Perkins
Stoddard,63772,Painton
Scott,63771,Oran
Scott,63771,Haywood City
Cape Girardeau,63770,Old Appleton
Cape Girardeau,63769,Apple Creek
Cape Girardeau,63769,Oak Ridge
Scott,63767,Morley
Cape Girardeau,63766,Millersville
Bollinger,63764,Marble Hill
Bollinger,63764,Lutesville
Bollinger,63764,Scopus
Wayne,63763,Mc Gee
Bollinger,63760,Leopold
Scott,63758,Kelso
Cape Girardeau,63755,Jackson
Bollinger,63753,Grassy
Cape Girardeau,63752,Gordonville
Bollinger,63751,Glenallen
Bollinger,63750,Gipsy
Perry,63748,Wittenberg
Perry,63748,Frohna
Cape Girardeau,63747,Friedheim
Cape Girardeau,63747,Perryville
Perry,63746,Farrar
Cape Girardeau,63745,Dutchtown
Cape Girardeau,63744,Delta
Cape Girardeau,63743,Daisy
Scott,63742,Commerce
Scott,63740,Chaffee
Scott,63740,Rockview
Scott,63740,Randles
Scott,63740,Allenville
Scott,63740,Arbor
Cape Girardeau,63739,Burfordville
Stoddard,63738,Brownwood
Perry,63737,Brazeau
Scott,63736,Haywood City
Scott,63736,New Hamburg
Scott,63736,Benton
Scott,63736,Lambert
Stoddard,63735,Bell City
Cape Girardeau,63732,New Wells
Cape Girardeau,63732,Altenburg
Stoddard,63730,Greenbrier
Stoddard,63730,Advance
Cape Girardeau,63703,Cape Girardeau
Cape Girardeau,63702,Cape Girardeau
Cape Girardeau,63701,Cape Girardeau
Cape Girardeau,63701,Gordonville
Iron,63675,Vulcan
Washington,63674,Tiff
Sainte Genevieve,63673,Saint Mary
Sainte Genevieve,63670,Zell
Sainte Genevieve,63670,Lake Forest
Sainte Genevieve,63670,Rocky Ridge
Sainte Genevieve,63670,Sainte Genevieve
Sainte Genevieve,63670,Coffman
Sainte Genevieve,63670,Clearwater
Sainte Genevieve,63670,Weingarten
Reynolds,63666,Reynolds
Reynolds,63665,Redford
Washington,63664,Potosi
Iron,63663,Pilot Knob
Bollinger,63662,Patton
Sainte Genevieve,63661,New Offenburg
Washington,63660,Mineral Point
Washington,63660,Stoney Point
Washington,63660,Springtown
Washington,63660,Hopewell
Iron,63656,Middle Brook
Madison,63655,Gravelton
Madison,63655,Allbright
Madison,63655,Big Creek
Madison,63655,Marquand
Madison,63655,Buckhorn
Reynolds,63654,Lesterville
Saint Francois,63653,Flat River
Saint Francois,63653,Park Hills
Saint Francois,63653,Leadwood
Saint Francois,63651,Knob Lick
Iron,63650,Iron Mountain
Iron,63650,Ironton
Iron,63650,Rosel
Washington,63648,Irondale
Iron,63646,Glover
Madison,63645,Womack
Madison,63645,Millcreek
Madison,63645,Junction City
Madison,63645,Fredericktown
Madison,63645,Mine La Motte
Madison,63645,Cobalt City
Saint Francois,63640,Farmington
Saint Francois,63640,Libertyville
Reynolds,63638,Ellington
Saint Francois,63637,Doe Run
Iron,63636,Des Arc
Reynolds,63633,Corridon
Reynolds,63633,Centerville
Wayne,63632,Cascade
Washington,63631,Caledonia
Washington,63630,Cadet
Washington,63630,Old Mines
Reynolds,63629,Bunker
Saint Francois,63628,Bonne Terre
Sainte Genevieve,63627,Bloomsdale
Saint Francois,63626,Blackwell
Reynolds,63625,Oates
Reynolds,63625,Black
Saint Francois,63624,Bismarck
Iron,63623,Belleview
Iron,63623,Goodland
Washington,63622,Belgrade
Iron,63621,Arcadia
Iron,63620,Annapolis
Saint Francois,63601,Frankclay
Saint Francois,63601,Esther
Saint Francois,63601,Leadington
Saint Francois,63601,Flat River
Saint Francois,63601,Rivermines
Saint Francois,63601,Elvins
Saint Francois,63601,Park Hills
Saint Francois,63601,Desloge
Putnam,63567,Worthington
Sullivan,63566,Winigan
Sullivan,63566,North Salem
Putnam,63565,Martinstown
Putnam,63565,Graysville
Putnam,63565,Unionville
Putnam,63565,Mendota
Putnam,63565,Lemons
Scotland,63563,Colony
Scotland,63563,Sand Hill
Scotland,63563,Rutledge
Schuyler,63561,Queen City
Sullivan,63560,Pollock
Adair,63559,Pure Air
Adair,63559,Youngstown
Adair,63559,Low Ground
Adair,63559,Stahl
Adair,63559,Martinstown
Adair,63559,Novinger
Adair,63559,Shibleys Point
Adair,63559,Midland
Adair,63559,Connelsville
Macon,63558,Wein
Macon,63558,New Cambria
Linn,63557,New Boston
Sullivan,63556,Sorrell
Sullivan,63556,Boynton
Sullivan,63556,Cora
Sullivan,63556,Owasco
Sullivan,63556,Bairdtown
Sullivan,63556,Bute
Sullivan,63556,Milan
Sullivan,63556,Reger
Scotland,63555,Memphis
Macon,63552,Macon
Putnam,63551,Livonia
Macon,63549,La Plata
Macon,63549,South Gifford
Schuyler,63548,Lancaster
Knox,63547,Locust Hill
Knox,63547,Kenwood
Knox,63547,Hurdland
Adair,63546,Willmathsville
Adair,63546,Greentop
Adair,63546,Sublette
Sullivan,63545,Mystic
Sullivan,63545,Green City
Sullivan,63545,Pennville
Sullivan,63544,Sidney
Sullivan,63544,Green Castle
Scotland,63543,Gorin
Schuyler,63541,Glenwood
Adair,63540,Gibbs
Macon,63539,Goldberry
Macon,63539,Ethel
Macon,63539,Goldsberry
Macon,63538,Mercyville
Macon,63538,Elmer
Knox,63537,Edina
Schuyler,63536,Downing
Schuyler,63535,Chariton
Schuyler,63535,Coatsville
Macon,63534,Kaseyville
Macon,63534,Callao
Adair,63533,Adair
Adair,63533,Brashear
Macon,63532,Number Eight
Macon,63532,Bevier
Macon,63532,Keota
Knox,63531,Baring
Knox,63531,Colony
Knox,63531,Greensburg
Knox,63531,Bible Grove
Macon,63530,Economy
Macon,63530,Barnesville
Macon,63530,Atlanta
Macon,63530,Plainview
Adair,63501,Nind
Adair,63501,Kirksville
Adair,63501,Sperry
Adair,63501,Millard
Adair,63501,Spring Lake
Adair,63501,Yarrow
Clark,63474,Wyaconda
Clark,63474,Fairmont
Lewis,63473,Williamstown
Clark,63472,Wayland
Marion,63471,West Quincy
Marion,63471,Taylor
Shelby,63469,Shelbyville
Shelby,63468,Shelbina
Shelby,63468,Lakenan
Ralls,63467,Saverton
Clark,63466,Saint Patrick
Clark,63465,Peaksville
Clark,63465,Revere
Clark,63465,Athens
Knox,63464,Plevna
Marion,63463,Philadelphia
Ralls,63462,Salt River
Ralls,63462,Green Lawn
Ralls,63462,Perry
Marion,63461,Withers Mill
Marion,63461,Ely
Marion,63461,Woodland
Marion,63461,South River
Marion,63461,Palmyra
Knox,63460,Novelty
Ralls,63459,New London
Knox,63458,Newark
Lewis,63457,Monticello
Monroe,63456,Hassard
Monroe,63456,Monroe City
Monroe,63456,Indian Creek
Marion,63454,Maywood
Clark,63453,Luray
Clark,63453,Ashton
Lewis,63452,Tolona
Lewis,63452,Lewistown
Shelby,63451,Leonard
Shelby,63450,Lentner
Lewis,63448,La Grange
Lewis,63447,Deer Ridge
Lewis,63447,La Belle
Lewis,63447,Steffenville
Knox,63446,Knox City
Knox,63446,Forest Springs
Clark,63445,Kahoka
Clark,63445,Medill
Shelby,63443,Hunnewell
Scotland,63442,Arbela
Scotland,63442,Granger
Pike,63441,Frankford
Lewis,63440,Ewing
Shelby,63439,Emden
Lewis,63438,Durham
Shelby,63437,Cherry Box
Shelby,63437,Hagars Grove
Shelby,63437,Clarence
Shelby,63437,Duncans Bridge
Shelby,63437,Maud
Ralls,63436,Center
Ralls,63436,Madisonville
Lewis,63435,Canton
Shelby,63434,Bethel
Pike,63433,Ashburn
Scotland,63432,Arbela
Macon,63431,Anabel
Clark,63430,Saint Francisville
Clark,63430,Alexandria
Marion,63401,Spalding
Marion,63401,Rensselaer
Marion,63401,Withers Mill
Marion,63401,Hannibal
Marion,63401,Monkey Run
Marion,63401,West Ely
Marion,63401,Ilasco
Marion,63401,Clay
Marion,63401,Huntington
Warren,63390,Innsbrook
Warren,63390,Wright City
Lincoln,63389,Winfield
Callaway,63388,Williamsburg
Lincoln,63387,Whiteside
Saint Charles,63386,West Alton
Saint Charles,63385,Wentzville
Saint Charles,63385,Gilmore
Saint Charles,63385,Josephville
Montgomery,63384,Wellsville
Warren,63383,Camp Branch
Warren,63383,Truesdale
Warren,63383,Elkhorn
Warren,63383,Pendleton
Warren,63383,Truesdail
Warren,63383,Warrenton
Audrain,63382,Vandalia
Lincoln,63381,Truxton
Lincoln,63381,New Truxton
Lincoln,63379,Troy
Lincoln,63379,Davis
Lincoln,63379,Briscoe
Lincoln,63379,Old Alexandria
Warren,63378,Treloar
Lincoln,63377,Corso
Lincoln,63377,Millwood
Lincoln,63377,Silex
Saint Charles,63376,Saint Peters
Saint Charles,63373,Machens
Saint Charles,63373,Portage des Sioux
Lincoln,63370,Olney
Lincoln,63369,Old Monroe
Lincoln,63369,Ethlyn
Lincoln,63369,Chain of Rocks
Lincoln,63369,Maryknoll
Saint Charles,63367,Lake Saint Louis
Saint Charles,63367,O Fallon
Saint Charles,63366,O Fallon
Saint Charles,63366,Dardenne
Saint Charles,63366,Dardenne Prairie
Saint Charles,63366,Ofallon
Saint Charles,63366,Saint Paul
Saint Charles,63365,New Melle
Montgomery,63363,New Florence
Montgomery,63363,Prices Branch
Montgomery,63363,Big Springs
Lincoln,63362,Moscow Mills
Montgomery,63361,Buell
Montgomery,63361,Danville
Montgomery,63361,Montgomery City
Montgomery,63361,Montgomery
Montgomery,63361,Mineola
Montgomery,63359,Middletown
Montgomery,63359,New Hartford
Warren,63357,Marthasville
Warren,63357,Lake Sherwood
Pike,63353,Louisiana
Audrain,63352,Laddonia
Montgomery,63351,Jonesburg
Montgomery,63350,High Hill
Lincoln,63349,Hawk Point
Saint Charles,63348,Foristell
Saint Charles,63348,Cappeln
Lincoln,63347,Foley
Saint Charles,63346,Flinthill
Audrain,63345,Farber
Pike,63344,Eolia
Pike,63344,Prairieville
Lincoln,63343,New Hope
Lincoln,63343,Elsberry
Lincoln,63343,Auburn
Warren,63342,Dutzow
Saint Charles,63341,Defiance
Saint Charles,63341,Matson
Pike,63339,Curryville
Saint Charles,63338,Cottleville
Pike,63336,Clarksville
Pike,63336,Paynesville
Pike,63334,Saint Clement
Pike,63334,Cyrene
Pike,63334,Tarrants
Pike,63334,Bowling Green
Pike,63334,Vera
Montgomery,63333,Bellflower
Montgomery,63333,Liege
Montgomery,63333,Gamma
Saint Charles,63332,Augusta
Saint Charles,63332,Schluersburg
Saint Charles,63332,Femme Osage
Pike,63330,Annada
Saint Charles,63304,Weldon Spring
Saint Charles,63304,Saint Peters
Saint Charles,63304,Saint Charles
Saint Charles,63304,Weldon Spring Heights
Saint Charles,63303,Harvester
Saint Charles,63303,Saint Peters
Saint Charles,63303,Saint Charles
Saint Charles,63302,Saint Charles
Saint Charles,63301,Kampville Court
Saint Charles,63301,South Shore
Saint Charles,63301,Saint Charles
Saint Charles,63301,Black Walnut
Saint Charles,63301,Orchard Farm
Saint Charles,63301,Kampville Beach
Saint Charles,63301,Kampville
Saint Louis City,63199,Saint Louis
Saint Louis,63198,Saint Louis
Saint Louis City,63197,Saint Louis
Saint Louis City,63196,Saint Louis
Saint Louis City,63195,Saint Louis
Saint Louis City,63188,Saint Louis
Saint Louis City,63182,Saint Louis
Saint Louis City,63180,Saint Louis
Saint Louis City,63179,Saint Louis
Saint Louis City,63178,Saint Louis
Saint Louis City,63177,Saint Louis
Saint Louis City,63171,Saint Louis
Saint Louis City,63169,Saint Louis
Saint Louis,63167,Saint Louis
Saint Louis City,63166,Saint Louis
Saint Louis City,63164,Saint Louis
Saint Louis City,63163,Saint Louis
Saint Louis City,63160,Saint Louis
Saint Louis City,63158,Saint Louis
Saint Louis City,63157,Saint Louis
Saint Louis City,63156,Saint Louis
Saint Louis City,63155,Saint Louis
Saint Louis,63151,Saint Louis
Saint Louis City,63150,Saint Louis
Saint Louis City,63147,Saint Louis
Saint Louis,63146,West County
Saint Louis,63146,Saint Louis
Saint Louis,63145,Saint Louis
Saint Louis,63145,Ferguson
Saint Louis,63145,Lambert Airport
Saint Louis,63144,Brentwood
Saint Louis,63144,Saint Louis
Saint Louis,63143,Maplewood
Saint Louis,63143,Saint Louis
Saint Louis,63141,Saint Louis
Saint Louis,63141,Creve Coeur
Saint Louis,63140,Kinloch
Saint Louis,63140,Saint Louis
Saint Louis,63140,Berkeley
Saint Louis City,63139,Saint Louis
Saint Louis,63138,Spanish Lake
Saint Louis,63138,Saint Louis
Saint Louis,63138,North County
Saint Louis,63137,Bellefontaine Neighbors
Saint Louis,63137,North County
Saint Louis,63137,Saint Louis
Saint Louis,63137,Riverview
Saint Louis,63137,Glasgow Village
Saint Louis,63136,Ferguson
Saint Louis,63136,Flordell Hills
Saint Louis,63136,Country Club Hills
Saint Louis,63136,Dellwood
Saint Louis,63136,Saint Louis
Saint Louis,63136,Moline Acres
Saint Louis,63136,Jennings
Saint Louis,63135,Burke City
Saint Louis,63135,Hazelwood
Saint Louis,63135,Saint Louis
Saint Louis,63135,Dellwood
Saint Louis,63135,Calverton Park
Saint Louis,63135,Ferguson
Saint Louis,63134,Edmundson
Saint Louis,63134,Saint Louis
Saint Louis,63134,Berkeley
Saint Louis,63134,Woodson Terrace
Saint Louis,63133,Wellston
Saint Louis,63133,Greendale
Saint Louis,63133,Hanley Hills
Saint Louis,63133,Saint Louis
Saint Louis,63133,Pagedale
Saint Louis,63132,Saint Louis
Saint Louis,63132,Olivette
Saint Louis,63131,Crystal Lake Park
Saint Louis,63131,Town and Country
Saint Louis,63131,Des Peres
Saint Louis,63131,Saint Louis
Saint Louis,63131,Huntleigh
Saint Louis,63131,Frontenac
Saint Louis,63130,University City
Saint Louis,63130,Saint Louis
Saint Louis,63129,Mehlville
Saint Louis,63129,Oakville
Saint Louis,63129,Saint Louis
Saint Louis,63128,Sappington
Saint Louis,63128,Saint Louis
Saint Louis,63127,Sappington
Saint Louis,63127,Sunset Hills
Saint Louis,63127,Saint Louis
Saint Louis,63126,Sappington
Saint Louis,63126,Saint Louis
Saint Louis,63126,Crestwood
Saint Louis,63125,Bella Villa
Saint Louis,63125,Lemay
Saint Louis,63125,Saint Louis
Saint Louis,63124,Clayton
Saint Louis,63124,Saint Louis
Saint Louis,63124,Ladue
Saint Louis,63124,University City
Saint Louis,63123,Affton
Saint Louis,63123,Saint Louis
Saint Louis,63122,Des Peres
Saint Louis,63122,Oakland
Saint Louis,63122,Glendale
Saint Louis,63122,Kirkwood
Saint Louis,63122,Saint Louis
Saint Louis,63122,Warson Woods
Saint Louis,63121,Northwoods
Saint Louis,63121,Beverly Hills
Saint Louis,63121,Velda Village Hills
Saint Louis,63121,Pasadena Park
Saint Louis,63121,Bellerive
Saint Louis,63121,Bel Ridge
Saint Louis,63121,Normandy
Saint Louis,63121,Saint Louis
Saint Louis,63121,Bel Nor
Saint Louis,63121,Pasadena Hills
Saint Louis City,63120,Goodfellow Terrace
Saint Louis City,63120,Pine Lawn
Saint Louis City,63120,Saint Louis
Saint Louis,63119,Rock Hill
Saint Louis,63119,Saint Louis
Saint Louis,63119,Webster Groves
Saint Louis,63119,Shrewsbury
Saint Louis City,63118,Saint Louis
Saint Louis,63117,Richmond Heights
Saint Louis,63117,Saint Louis
Saint Louis City,63116,Saint Louis
Saint Louis City,63115,Saint Louis
Saint Louis,63114,Saint Louis
Saint Louis,63114,Overland
Saint Louis,63114,Breckenridge Hills
Saint Louis,63114,Saint John
Saint Louis,63114,Charlack
Saint Louis,63114,Vinita Park
Saint Louis City,63113,Louis
Saint Louis City,63113,Saint Louis
Saint Louis City,63112,Wellston
Saint Louis City,63112,Saint Louis
Saint Louis City,63111,Saint Louis
Saint Louis City,63110,Saint Louis
Saint Louis City,63109,Saint Louis
Saint Louis City,63108,Saint Louis
Saint Louis City,63107,Saint Louis
Saint Louis City,63106,Saint Louis
Saint Louis,63105,University City
Saint Louis,63105,Clayton
Saint Louis,63105,Saint Louis
Saint Louis City,63104,Saint Louis
Saint Louis City,63103,Saint Louis
Saint Louis City,63102,Saint Louis
Saint Louis City,63101,Saint Louis
Saint Louis,63099,Fenton
Gasconade,63091,Rosebud
Franklin,63090,Washington
Franklin,63090,Clover Bottom
Franklin,63090,Campbellton
Franklin,63089,Villa Ridge
Saint Louis,63088,Twin Oaks
Saint Louis,63088,Valley Park
Saint Louis,63088,Manchester
Saint Francois,63087,Valles Mines
Franklin,63084,Union
Franklin,63084,Moselle
Franklin,63080,Strain
Franklin,63080,Sullivan
Franklin,63080,Spring Bluff
Franklin,63080,Japan
Franklin,63080,Pea Ridge
Franklin,63079,Stanton
Franklin,63077,Saint Clair
Saint Louis,63074,Saint Anne
Saint Louis,63074,Saint Ann
Franklin,63073,Saint Albans
Franklin,63072,Robertsville
Washington,63071,Richwoods
Jefferson,63070,Pevely
Jefferson,63070,Horine
Franklin,63069,Pacific
Franklin,63069,Wildwood
Franklin,63068,Lyon
Franklin,63068,Campbellton
Franklin,63068,New Haven
Franklin,63068,Detmold
Franklin,63068,Stony Hill
Franklin,63068,Dissen
Jefferson,63066,Morse Mill
Jefferson,63065,Mapaville
Franklin,63061,Luebbering
Franklin,63060,Lonedell
Franklin,63060,Luebbering
Jefferson,63057,Liguori
Franklin,63056,Leslie
Franklin,63055,Pacific
Franklin,63055,Labadie
Jefferson,63053,Kimmswick
Jefferson,63053,Imperial
Jefferson,63052,Otto
Jefferson,63052,Sulphur Springs
Jefferson,63052,Antonia
Jefferson,63052,Imperial
Jefferson,63051,House Springs
Jefferson,63050,Hillsboro
Jefferson,63049,High Ridge
Jefferson,63048,Herculaneum
Jefferson,63047,Hematite
Saint Louis,63045,Bridgeton
Saint Louis,63045,Hazelwood
Saint Louis,63045,Earth City
Saint Louis,63044,Hazelwood
Saint Louis,63044,Bridgeton Terrace
Saint Louis,63044,Bridgeton
Saint Louis,63043,Hazelwood
Saint Louis,63043,Maryland Heights
Saint Louis,63042,Robertson
Saint Louis,63042,Vigus
Saint Louis,63042,Hazelwood
Franklin,63041,Grubville
Saint Louis,63040,Grover
Saint Louis,63040,Lake Chesterfield
Saint Louis,63040,Wildwood
Saint Louis,63040,Pond
Franklin,63039,Gray Summit
Saint Louis,63038,Ellisville
Saint Louis,63038,Pond
Saint Louis,63038,Glencoe
Saint Louis,63038,Wildwood
Franklin,63037,Gerald
Saint Francois,63036,French Village
Saint Louis,63034,Florissant
Saint Louis,63033,Black Jack
Saint Louis,63033,Florissant
Saint Louis,63032,Florissant
Saint Louis,63031,Florissant
Jefferson,63030,Fletcher
Jefferson,63028,Festus
Saint Louis,63026,Fenton
Saint Louis,63026,Murphy
Saint Louis,63025,Wildwood
Saint Louis,63025,Times Beach
Saint Louis,63025,Hoene Spring
Saint Louis,63025,Crescent
Saint Louis,63025,Eureka
Saint Louis,63024,Ballwin
Jefferson,63023,Dittmer
Saint Louis,63022,Ballwin
Saint Louis,63021,Twin Oaks
Saint Louis,63021,Ellisville
Saint Louis,63021,Wildwood
Saint Louis,63021,Winchester
Saint Louis,63021,Ballwin
Saint Louis,63021,Sherman
Saint Louis,63021,Manchester
Jefferson,63020,De Soto
Jefferson,63020,Valles Mines
Jefferson,63020,Desoto
Jefferson,63020,Olympian Village
Jefferson,63019,Crystal City
Saint Louis,63017,Town and Country
Saint Louis,63017,Clarkson Valley
Saint Louis,63017,Chesterfield
Jefferson,63016,Lake Adelle
Jefferson,63016,Cedar Hill
Franklin,63015,Catawissa
Franklin,63014,Berger
Franklin,63014,Etlah
Franklin,63013,Beaufort
Jefferson,63012,Barnhart
Saint Louis,63011,Ballwin
Saint Louis,63011,Winchester
Saint Louis,63011,Wildwood
Saint Louis,63011,Manchester
Saint Louis,63011,Town and Country
Saint Louis,63011,Ellisville
Jefferson,63010,Arnold
Jefferson,63010,Maxville
Saint Louis,63006,Chesterfield
Saint Louis,63005,Wildwood
Saint Louis,63005,Gumbo
Saint Louis,63005,Chesterfield
Saint Louis,63005,Clarkson Valley
Saint Louis,63001,Allenton
